{
  "items": [
    {
      "date": "2025-10-31",
      "title": "프리셋 30일 추가 & 히스토리 필터 개선",
      "bullets": [
        "홈 요약 P95 4.1s → 2.7s",
        "히스토리 검색에 MCC/MNC 맵 적용"
      ],
      "tags": [
        "preset",
        "history",
        "performance"
      ]
    },
    {
      "date": "2025-10-28",
      "title": "CSV Export 속도 35% 개선",
      "bullets": [
        "대용량에서도 UI 프리징 완화",
        "파일 크기 자동 분할 옵션"
      ],
      "tags": [
        "export",
        "performance"
      ]
    }
  ]
}