{
  "main": {
    "id": "291e9f9d6227fff1",
    "type": "split",
    "children": [
      {
        "id": "41307552e96886be",
        "type": "tabs",
        "children": [
          {
            "id": "99e455c5962490d5",
            "type": "leaf",
            "state": {
              "type": "markdown",
              "state": {
                "file": "렌딩페이지/Untitled.md",
                "mode": "source",
                "source": false
              },
              "icon": "lucide-file",
              "title": "Untitled"
            }
          }
        ]
      }
    ],
    "direction": "vertical"
  },
  "left": {
    "id": "bfc5083e9fc1215c",
    "type": "mobile-drawer",
    "children": [
      {
        "id": "de748d64634650ff",
        "type": "leaf",
        "state": {
          "type": "file-explorer",
          "state": {
            "sortOrder": "alphabetical",
            "autoReveal": false
          },
          "icon": "lucide-folder-closed",
          "title": "Files"
        }
      },
      {
        "id": "4eeb7433e1558e7d",
        "type": "leaf",
        "state": {
          "type": "search",
          "state": {
            "query": "",
            "matchingCase": false,
            "explainSearch": false,
            "collapseAll": false,
            "extraContext": false,
            "sortOrder": "alphabetical"
          },
          "icon": "lucide-search",
          "title": "Search"
        }
      },
      {
        "id": "447eff6103385001",
        "type": "leaf",
        "state": {
          "type": "tag",
          "state": {
            "sortOrder": "frequency",
            "useHierarchy": true,
            "showSearch": false,
            "searchQuery": ""
          },
          "icon": "lucide-tags",
          "title": "Tags"
        }
      },
      {
        "id": "2cae3d20a30b4a8f",
        "type": "leaf",
        "state": {
          "type": "bookmarks",
          "state": {},
          "icon": "lucide-bookmark",
          "title": "Bookmarks"
        }
      }
    ],
    "currentTab": 0
  },
  "right": {
    "id": "aa9ce3b2d086ca79",
    "type": "mobile-drawer",
    "children": [
      {
        "id": "ffeb65f73b847ba0",
        "type": "leaf",
        "state": {
          "type": "backlink",
          "state": {
            "file": "데이터베이스/20251103_02_DB_Simplified Models.md",
            "collapseAll": false,
            "extraContext": false,
            "sortOrder": "alphabetical",
            "showSearch": false,
            "searchQuery": "",
            "backlinkCollapsed": false,
            "unlinkedCollapsed": true
          },
          "icon": "links-coming-in",
          "title": "Backlinks"
        }
      },
      {
        "id": "d2ac5de7304124ef",
        "type": "leaf",
        "state": {
          "type": "outgoing-link",
          "state": {
            "file": "99_Archives/04_DB_설계_및_운영_v2_2025-10-24.md",
            "linksCollapsed": false,
            "unlinkedCollapsed": true
          },
          "icon": "links-going-out",
          "title": "Outgoing links"
        }
      },
      {
        "id": "0bb2b2cdbd5b9781",
        "type": "leaf",
        "state": {
          "type": "outline",
          "state": {
            "file": "99_Archives/04_DB_설계_및_운영_v2_2025-10-24.md",
            "followCursor": false,
            "showSearch": false,
            "searchQuery": ""
          },
          "icon": "lucide-list",
          "title": "Outline"
        }
      }
    ],
    "currentTab": 0
  },
  "left-ribbon": {
    "hiddenItems": {
      "mermaid-tools:Open Mermaid Toolbar": false,
      "switcher:Open quick switcher": false,
      "graph:Open graph view": false,
      "canvas:Create new canvas": false,
      "daily-notes:Open today's daily note": false,
      "templates:Insert template": false,
      "command-palette:Open command palette": false,
      "bases:Create new base": false
    }
  },
  "active": "99e455c5962490d5",
  "lastOpenFiles": [
    "발표준비/FMW_System_Mermaid_Obsidian_2025-10-31.md",
    "렌딩페이지/Untitled.md",
    "렌딩페이지",
    "발표준비/FMW_OnePage_Summary_KR_2025-10-31.md",
    "발표준비/FMW_Landing_Page_Document_2025-10-31.md",
    "PRD/20251105_PRD_GEMINI.md",
    "PRD/2025110205_PRD.md",
    "PRD/2025110201_PRD.md",
    "PRD/20251102_PRD_GEMINI.md",
    "리드미/readme_fmw_v_1.md",
    "리드미/20251105_01_README.md",
    "아키텍쳐/20251103_02_아키텍쳐 오버뷰.md",
    "리드미",
    "운영진 대시보드/20251103_01_운영진 대시보드.md",
    "데이터베이스/20251103_02_DB_Simplified Models.md",
    "ONE NOTE/20251102_01_ONENOTE.md",
    "운영즌 대시보드/20251103_01_운영진 대시보드.md",
    "운영진 대시보드/fmw_ops_dashboard_v1_lite_latest.html",
    "운영진 대시보드",
    "운영즌 대시보드",
    "비즈니스 드라이버/20251103_01_비즈니스 드라이버.md",
    "비즈니스 드라이버",
    "아키텍쳐/20251103_01_아키텍쳐 오버뷰.md",
    "데이터베이스/20251103_01_DB Overview.md",
    "데이터베이스/20251102_02_DB ERD.md",
    "데이터베이스/20251102_02_DB 스키마.md",
    "데이터베이스/20251102_01_DB 설계 문서.md",
    "FMW_All_Docs_20251103/FMW_Docs_20251103/20251102_PRD_GEMINI.md",
    "FMW_All_Docs_20251103/FMW_Docs_20251103/2025110201_PRD.md",
    "FMW_All_Docs_20251103/FMW_Docs_20251103/FMW_Architecture_Overview_20251102_V4_from_canvas.md",
    "FMW_All_Docs_20251103/FMW_Docs_20251103/FMW_Architecture_Overview_20251103.md",
    "FMW_All_Docs_20251103/FMW_Docs_20251103/FMW_DB_DRF_API_Design_20251103.md",
    "FMW_All_Docs_20251103/FMW_Docs_20251103",
    "FMW_All_Docs_20251103",
    "FMW_All_Docs_20251103.zip",
    "99_Archives/종합 문서 작성 및 개선 제안.pdf"
  ]
}